framecount,timestamp,speed,angle,dir
1,20240820_161804550256,59,0,1.png
2,20240820_161804560879,59,0,2.png
3,20240820_161804573156,59,0,3.png
4,20240820_161804590776,59,0,4.png
5,20240820_161804600180,59,0,5.png
6,20240820_161804608323,59,0,6.png
7,20240820_161804636863,59,0,7.png
8,20240820_161804670913,59,0,8.png
9,20240820_161804704045,59,0,9.png
10,20240820_161804737592,59,0,10.png
11,20240820_161804771194,59,0,11.png
12,20240820_161804804952,59,0,12.png
13,20240820_161804838454,59,0,13.png
14,20240820_161804872025,59,0,14.png
15,20240820_161804905565,59,0,15.png
16,20240820_161804939396,59,0,16.png
17,20240820_161804972630,59,0,17.png
18,20240820_161805009496,59,0,18.png
19,20240820_161805040771,59,0,19.png
20,20240820_161805076716,59,0,20.png
21,20240820_161805109511,59,0,21.png
22,20240820_161805142897,59,-18,22.png
23,20240820_161805176316,59,-56,23.png
24,20240820_161805209761,59,-89,24.png
25,20240820_161805244244,59,-92,25.png
26,20240820_161805277618,59,-30,26.png
27,20240820_161805310911,59,0,27.png
28,20240820_161805345697,59,0,28.png
29,20240820_161805379227,59,0,29.png
30,20240820_161805412848,59,0,30.png
31,20240820_161805446353,59,0,31.png
32,20240820_161805479890,59,0,32.png
33,20240820_161805513262,59,0,33.png
34,20240820_161805547840,59,0,34.png
35,20240820_161805581498,59,0,35.png
36,20240820_161805615128,59,0,36.png
37,20240820_161805648517,59,0,37.png
38,20240820_161805682535,59,0,38.png
39,20240820_161805716073,59,0,39.png
40,20240820_161805749714,59,0,40.png
41,20240820_161805783284,59,0,41.png
42,20240820_161805816957,59,0,42.png
43,20240820_161805852553,59,0,43.png
44,20240820_161805886562,59,0,44.png
45,20240820_161805920567,59,0,45.png
46,20240820_161805953897,59,0,46.png
47,20240820_161805988171,59,0,47.png
48,20240820_161806060415,59,0,48.png
49,20240820_161806094810,59,0,49.png
50,20240820_161806128470,59,0,50.png
51,20240820_161806161864,59,0,51.png
52,20240820_161806195584,59,0,52.png
53,20240820_161806229598,59,0,53.png
54,20240820_161806263193,59,0,54.png
55,20240820_161806297328,59,0,55.png
56,20240820_161806330611,59,0,56.png
57,20240820_161806364079,59,0,57.png
58,20240820_161806397613,59,0,58.png
59,20240820_161806431632,59,0,59.png
60,20240820_161806464798,59,0,60.png
61,20240820_161806499238,59,0,61.png
62,20240820_161806533120,59,0,62.png
63,20240820_161806566735,59,0,63.png
64,20240820_161806600213,59,0,64.png
65,20240820_161806634170,59,0,65.png
66,20240820_161806667290,59,0,66.png
67,20240820_161806700884,59,0,67.png
68,20240820_161806734688,59,0,68.png
69,20240820_161806768491,59,0,69.png
70,20240820_161806801601,59,0,70.png
71,20240820_161806835362,59,0,71.png
72,20240820_161806868699,59,0,72.png
73,20240820_161806905324,59,0,73.png
74,20240820_161806938611,59,0,74.png
75,20240820_161806972651,59,0,75.png
76,20240820_161807005714,59,0,76.png
77,20240820_161807039112,59,0,77.png
78,20240820_161807072730,59,0,78.png
79,20240820_161807106460,59,0,79.png
80,20240820_161807140575,59,0,80.png
81,20240820_161807173764,59,0,81.png
82,20240820_161807207390,59,0,82.png
83,20240820_161807241063,59,-26,83.png
84,20240820_161807304425,59,-41,84.png
85,20240820_161807315836,59,-42,85.png
86,20240820_161807341737,59,-43,86.png
87,20240820_161807375804,59,-43,87.png
88,20240820_161807409370,59,-43,88.png
89,20240820_161807443158,59,-43,89.png
90,20240820_161807476731,59,-45,90.png
91,20240820_161807510406,59,-59,91.png
92,20240820_161807544549,59,-64,92.png
93,20240820_161807578055,59,-64,93.png
94,20240820_161807611823,59,-61,94.png
95,20240820_161807645184,59,-60,95.png
96,20240820_161807678788,59,-60,96.png
97,20240820_161807712260,59,-60,97.png
98,20240820_161807746442,59,-60,98.png
99,20240820_161807779922,59,-58,99.png
100,20240820_161807813792,59,-58,100.png
101,20240820_161807847455,59,-58,101.png
102,20240820_161807880850,59,-58,102.png
103,20240820_161807914682,59,-52,103.png
104,20240820_161807949526,59,-16,104.png
105,20240820_161807981709,59,-16,105.png
106,20240820_161808015593,59,-18,106.png
107,20240820_161808049244,59,-21,107.png
108,20240820_161808083482,59,-30,108.png
109,20240820_161808116403,59,-39,109.png
110,20240820_161808150137,59,-43,110.png
111,20240820_161808184152,59,-45,111.png
112,20240820_161808217358,59,-49,112.png
113,20240820_161808250752,59,-60,113.png
114,20240820_161808284510,59,-60,114.png
115,20240820_161808317836,59,-60,115.png
116,20240820_161808353795,59,-61,116.png
117,20240820_161808387637,59,-66,117.png
118,20240820_161808436310,59,-67,118.png
119,20240820_161808455314,59,-67,119.png
120,20240820_161808488786,59,-67,120.png
121,20240820_161808521935,59,-67,121.png
122,20240820_161808555526,59,-67,122.png
123,20240820_161808595302,59,-67,123.png
124,20240820_161808628650,59,-67,124.png
125,20240820_161808661946,59,-67,125.png
126,20240820_161808695373,59,-67,126.png
127,20240820_161808729072,59,-67,127.png
128,20240820_161808765847,59,-67,128.png
129,20240820_161808800220,59,-67,129.png
130,20240820_161808834156,59,-67,130.png
131,20240820_161808867197,59,-67,131.png
132,20240820_161808905015,59,-67,132.png
133,20240820_161808938564,59,-67,133.png
134,20240820_161808972193,59,-67,134.png
135,20240820_161809005599,59,-67,135.png
136,20240820_161809039683,59,-67,136.png
137,20240820_161809073261,59,-67,137.png
138,20240820_161809106900,59,-67,138.png
139,20240820_161809140471,59,-67,139.png
140,20240820_161809174184,59,-67,140.png
141,20240820_161809210131,59,-67,141.png
142,20240820_161809243594,59,-67,142.png
143,20240820_161809277344,59,-67,143.png
144,20240820_161809312720,59,-67,144.png
145,20240820_161809349043,59,-67,145.png
146,20240820_161809382153,59,-67,146.png
147,20240820_161809454701,59,-67,147.png
148,20240820_161809488814,59,-67,148.png
149,20240820_161809521848,59,-67,149.png
150,20240820_161809558696,59,-67,150.png
151,20240820_161809592535,59,-67,151.png
152,20240820_161809625640,59,-67,152.png
153,20240820_161809659127,59,-67,153.png
154,20240820_161809692810,59,-68,154.png
155,20240820_161809726430,59,-68,155.png
156,20240820_161809759995,59,-68,156.png
157,20240820_161809794376,59,-68,157.png
158,20240820_161809827157,59,-68,158.png
159,20240820_161809860470,59,-69,159.png
160,20240820_161809895157,59,-68,160.png
161,20240820_161809928673,59,-69,161.png
162,20240820_161809962140,59,-69,162.png
163,20240820_161809996180,59,-68,163.png
164,20240820_161810029962,59,-66,164.png
165,20240820_161810065145,59,-59,165.png
166,20240820_161810098327,59,-56,166.png
167,20240820_161810131094,59,-56,167.png
168,20240820_161810164780,59,-56,168.png
169,20240820_161810199445,59,-56,169.png
170,20240820_161810232389,59,-50,170.png
171,20240820_161810265615,59,-32,171.png
172,20240820_161810299404,59,-9,172.png
173,20240820_161810332853,59,0,173.png
174,20240820_161810366265,59,0,174.png
175,20240820_161810400125,59,0,175.png
176,20240820_161810433733,59,0,176.png
177,20240820_161810467365,59,-5,177.png
178,20240820_161810506080,59,-11,178.png
179,20240820_161810544674,59,-20,179.png
180,20240820_161810579137,59,-33,180.png
181,20240820_161810613185,59,-43,181.png
182,20240820_161810647058,59,-56,182.png
183,20240820_161810679944,59,-63,183.png
184,20240820_161810713504,59,-70,184.png
185,20240820_161810749116,59,-74,185.png
186,20240820_161810782829,59,-74,186.png
187,20240820_161810816538,59,-74,187.png
188,20240820_161810849855,59,-74,188.png
189,20240820_161810890699,59,-73,189.png
190,20240820_161810924105,59,-67,190.png
191,20240820_161810957163,59,-56,191.png
192,20240820_161810990759,59,-52,192.png
193,20240820_161811028311,59,-52,193.png
194,20240820_161811061494,59,-48,194.png
195,20240820_161811095147,59,-41,195.png
196,20240820_161811128942,59,-20,196.png
197,20240820_161811163952,59,-11,197.png
198,20240820_161811196657,59,-4,198.png
199,20240820_161811230338,59,0,199.png
200,20240820_161811264850,59,0,200.png
201,20240820_161811298165,59,0,201.png
202,20240820_161811332017,59,0,202.png
203,20240820_161811365513,59,0,203.png
204,20240820_161811400909,59,0,204.png
205,20240820_161811434244,59,0,205.png
206,20240820_161811467794,59,0,206.png
207,20240820_161811501670,59,0,207.png
208,20240820_161811535371,59,0,208.png
209,20240820_161811568878,59,0,209.png
210,20240820_161811602380,59,0,210.png
211,20240820_161811636250,59,0,211.png
212,20240820_161811669752,59,0,212.png
213,20240820_161811703233,59,0,213.png
214,20240820_161811736749,59,0,214.png
215,20240820_161811770755,59,-11,215.png
216,20240820_161811804466,59,-33,216.png
217,20240820_161811838465,59,-38,217.png
218,20240820_161811872029,59,-39,218.png
219,20240820_161811920584,59,-40,219.png
220,20240820_161811938735,59,-41,220.png
221,20240820_161811972151,59,-41,221.png
222,20240820_161812005628,59,-41,222.png
223,20240820_161812039239,59,-41,223.png
224,20240820_161812072768,59,-41,224.png
225,20240820_161812106466,59,-39,225.png
226,20240820_161812140444,59,-25,226.png
227,20240820_161812174042,59,-24,227.png
228,20240820_161812208154,59,-23,228.png
229,20240820_161812241942,59,-8,229.png
230,20240820_161812275581,59,-2,230.png
231,20240820_161812308803,59,-1,231.png
232,20240820_161812342317,59,0,232.png
233,20240820_161812375373,59,0,233.png
234,20240820_161812409143,59,0,234.png
235,20240820_161812444504,59,0,235.png
236,20240820_161812477952,59,-1,236.png
237,20240820_161812511073,59,0,237.png
238,20240820_161812545800,59,0,238.png
239,20240820_161812579369,59,0,239.png
240,20240820_161812615643,59,0,240.png
241,20240820_161812647283,59,0,241.png
242,20240820_161812681125,59,0,242.png
243,20240820_161812715201,59,0,243.png
244,20240820_161812756308,59,0,244.png
245,20240820_161812790064,59,0,245.png
246,20240820_161812824006,59,0,246.png
247,20240820_161812857849,59,0,247.png
248,20240820_161812891146,59,0,248.png
249,20240820_161812924768,59,0,249.png
250,20240820_161812958217,59,-1,250.png
251,20240820_161812999615,59,-1,251.png
252,20240820_161813033294,59,-1,252.png
253,20240820_161813066673,59,-1,253.png
254,20240820_161813100869,59,-2,254.png
255,20240820_161813134580,59,-2,255.png
256,20240820_161813167886,59,-4,256.png
257,20240820_161813201401,59,-8,257.png
258,20240820_161813234820,59,-10,258.png
259,20240820_161813268347,59,-12,259.png
260,20240820_161813302044,59,-16,260.png
261,20240820_161813335667,59,-16,261.png
262,20240820_161813387398,59,-16,262.png
263,20240820_161813420939,59,-16,263.png
264,20240820_161813454626,59,-17,264.png
265,20240820_161813488457,59,-19,265.png
266,20240820_161813521681,59,-19,266.png
267,20240820_161813555498,59,-19,267.png
268,20240820_161813588696,59,-18,268.png
269,20240820_161813622086,59,-17,269.png
270,20240820_161813655784,59,-16,270.png
271,20240820_161813689618,59,-16,271.png
272,20240820_161813723316,59,-9,272.png
273,20240820_161813757131,59,-1,273.png
274,20240820_161813790895,59,-1,274.png
275,20240820_161813823991,59,-1,275.png
276,20240820_161813865285,59,-1,276.png
277,20240820_161813899327,59,-1,277.png
278,20240820_161813932559,59,-1,278.png
279,20240820_161813966255,59,-1,279.png
280,20240820_161814001671,59,-1,280.png
281,20240820_161814035174,59,-1,281.png
282,20240820_161814069198,59,-1,282.png
283,20240820_161814102917,59,-1,283.png
284,20240820_161814136342,59,-1,284.png
285,20240820_161814172484,59,-1,285.png
286,20240820_161814206006,59,-1,286.png
287,20240820_161814239802,59,-1,287.png
288,20240820_161814273889,59,-1,288.png
289,20240820_161814310552,59,-1,289.png
290,20240820_161814344658,59,-1,290.png
291,20240820_161814377674,59,-1,291.png
292,20240820_161814411263,59,-3,292.png
293,20240820_161814445698,59,-9,293.png
294,20240820_161814479303,59,-9,294.png
295,20240820_161814513297,59,-9,295.png
296,20240820_161814546232,59,-10,296.png
297,20240820_161814580227,59,-10,297.png
298,20240820_161814613615,59,-10,298.png
299,20240820_161814646848,59,-10,299.png
300,20240820_161814685387,59,-10,300.png
301,20240820_161814718660,59,-10,301.png
302,20240820_161814751714,59,-10,302.png
303,20240820_161814785482,59,-10,303.png
304,20240820_161814818580,59,-10,304.png
305,20240820_161814858998,59,-10,305.png
306,20240820_161814892691,59,-10,306.png
307,20240820_161814926200,59,-10,307.png
308,20240820_161814959551,59,-10,308.png
309,20240820_161815008308,59,-9,309.png
310,20240820_161815041865,59,-9,310.png
311,20240820_161815075693,59,-9,311.png
312,20240820_161815108763,59,-9,312.png
313,20240820_161815143442,59,-9,313.png
314,20240820_161815179028,59,-9,314.png
315,20240820_161815211979,59,-9,315.png
316,20240820_161815245281,59,-9,316.png
317,20240820_161815278817,59,-9,317.png
318,20240820_161815312397,59,-9,318.png
319,20240820_161815346454,59,-9,319.png
320,20240820_161815379895,59,-9,320.png
321,20240820_161815413613,59,-9,321.png
322,20240820_161815447286,59,-9,322.png
323,20240820_161815481047,59,-9,323.png
324,20240820_161815515513,59,-9,324.png
325,20240820_161815548336,59,-9,325.png
326,20240820_161815582614,59,-9,326.png
327,20240820_161815616380,59,-9,327.png
328,20240820_161815649547,59,-9,328.png
329,20240820_161815683275,59,-9,329.png
330,20240820_161815716434,59,-9,330.png
331,20240820_161815750225,59,-9,331.png
332,20240820_161815783851,59,-9,332.png
333,20240820_161815817590,59,-9,333.png
334,20240820_161815851060,59,-9,334.png
335,20240820_161815891889,59,-9,335.png
336,20240820_161815925731,59,-9,336.png
337,20240820_161815959403,59,-9,337.png
338,20240820_161815992734,59,-9,338.png
339,20240820_161816026293,59,-9,339.png
340,20240820_161816060138,59,-8,340.png
341,20240820_161816093388,59,-8,341.png
342,20240820_161816127074,59,-8,342.png
343,20240820_161816160321,59,-8,343.png
344,20240820_161816193893,59,-8,344.png
345,20240820_161816227393,59,-8,345.png
346,20240820_161816261236,59,-8,346.png
347,20240820_161816294531,59,-8,347.png
348,20240820_161816328181,59,-8,348.png
349,20240820_161816375426,59,-8,349.png
350,20240820_161816409102,59,-8,350.png
351,20240820_161816442970,59,-8,351.png
352,20240820_161816476120,59,-8,352.png
353,20240820_161816510116,59,-8,353.png
354,20240820_161816543508,59,-8,354.png
355,20240820_161816576815,59,-8,355.png
356,20240820_161816610265,59,-8,356.png
357,20240820_161816643732,59,-8,357.png
358,20240820_161816677114,59,-8,358.png
359,20240820_161816710674,59,-7,359.png
360,20240820_161816744341,59,-8,360.png
361,20240820_161816778741,59,-8,361.png
362,20240820_161816812350,59,-8,362.png
363,20240820_161816846065,59,-8,363.png
364,20240820_161816879813,59,-8,364.png
365,20240820_161816913182,59,-8,365.png
366,20240820_161816947776,59,-8,366.png
367,20240820_161817000117,59,-8,367.png
368,20240820_161817034474,59,-8,368.png
369,20240820_161817067589,59,-8,369.png
370,20240820_161817101342,59,-8,370.png
371,20240820_161817135066,59,-8,371.png
372,20240820_161817168384,59,-9,372.png
373,20240820_161817202143,59,-9,373.png
374,20240820_161817236163,59,-10,374.png
375,20240820_161817269646,59,-10,375.png
376,20240820_161817303213,59,-10,376.png
377,20240820_161817336485,59,-10,377.png
378,20240820_161817369907,59,-10,378.png
379,20240820_161817403091,59,-11,379.png
380,20240820_161817436770,59,-17,380.png
381,20240820_161817470582,59,-19,381.png
382,20240820_161817504628,59,-20,382.png
383,20240820_161817538697,59,-21,383.png
384,20240820_161817571960,59,-23,384.png
385,20240820_161817605115,59,-27,385.png
386,20240820_161817639984,59,-27,386.png
387,20240820_161817674347,59,-30,387.png
388,20240820_161817708205,59,-32,388.png
389,20240820_161817741251,59,-35,389.png
390,20240820_161817775142,59,-38,390.png
391,20240820_161817808504,59,-39,391.png
392,20240820_161817843177,59,-40,392.png
393,20240820_161817877123,59,-40,393.png
394,20240820_161817910484,59,-41,394.png
395,20240820_161817943723,59,-41,395.png
396,20240820_161817977090,59,-41,396.png
397,20240820_161818010887,59,-41,397.png
398,20240820_161818044064,59,-41,398.png
399,20240820_161818077930,59,-41,399.png
400,20240820_161818111562,59,-41,400.png
401,20240820_161818145210,59,-40,401.png
402,20240820_161818178939,59,-40,402.png
403,20240820_161818212701,59,-41,403.png
404,20240820_161818246266,59,-41,404.png
405,20240820_161818279724,59,-41,405.png
406,20240820_161818313677,59,-41,406.png
407,20240820_161818347540,59,-41,407.png
408,20240820_161818381321,59,-41,408.png
409,20240820_161818414289,59,-41,409.png
410,20240820_161818450455,59,-41,410.png
411,20240820_161818484933,59,-40,411.png
412,20240820_161818517550,59,-40,412.png
413,20240820_161818551497,59,-40,413.png
414,20240820_161818584941,59,-40,414.png
415,20240820_161818619100,59,-40,415.png
416,20240820_161818652381,59,-40,416.png
417,20240820_161818686555,59,-40,417.png
418,20240820_161818719715,59,-40,418.png
419,20240820_161818753134,59,-40,419.png
420,20240820_161818786862,59,-40,420.png
421,20240820_161818820199,59,-40,421.png
422,20240820_161818855884,59,-40,422.png
423,20240820_161818889634,59,-40,423.png
424,20240820_161818923271,59,-40,424.png
425,20240820_161818956616,59,-41,425.png
426,20240820_161818995289,59,-41,426.png
427,20240820_161819029141,59,-41,427.png
428,20240820_161819062969,59,-41,428.png
429,20240820_161819096540,59,-41,429.png
430,20240820_161819130595,59,-41,430.png
431,20240820_161819163590,59,-41,431.png
432,20240820_161819197875,59,-41,432.png
433,20240820_161819231100,59,-41,433.png
434,20240820_161819264865,59,-41,434.png
435,20240820_161819300027,59,-41,435.png
436,20240820_161819334004,59,-41,436.png
437,20240820_161819367596,59,-41,437.png
438,20240820_161819401427,59,-41,438.png
439,20240820_161819434756,59,-41,439.png
440,20240820_161819468207,59,-41,440.png
441,20240820_161819502346,59,-41,441.png
442,20240820_161819536076,59,-41,442.png
443,20240820_161819572237,59,-41,443.png
444,20240820_161819605400,59,-41,444.png
445,20240820_161819638533,59,-41,445.png
446,20240820_161819671949,59,-41,446.png
447,20240820_161819705479,59,-41,447.png
448,20240820_161819739112,59,-41,448.png
449,20240820_161819772884,59,-43,449.png
450,20240820_161819807051,59,-44,450.png
451,20240820_161819840860,59,-46,451.png
452,20240820_161819876848,59,-47,452.png
453,20240820_161819910480,59,-48,453.png
454,20240820_161819944113,59,-49,454.png
455,20240820_161819977635,59,-54,455.png
456,20240820_161820011212,59,-84,456.png
457,20240820_161820045269,59,-97,457.png
458,20240820_161820079560,59,-100,458.png
459,20240820_161820150751,59,-100,459.png
460,20240820_161820184892,59,-100,460.png
461,20240820_161820218239,59,-100,461.png
462,20240820_161820252018,59,-100,462.png
463,20240820_161820286094,59,-100,463.png
464,20240820_161820323375,59,-100,464.png
465,20240820_161820357093,59,-99,465.png
466,20240820_161820390343,59,-90,466.png
467,20240820_161820424169,59,-87,467.png
468,20240820_161820458566,59,-85,468.png
469,20240820_161820492168,59,-83,469.png
470,20240820_161820525979,59,-78,470.png
471,20240820_161820559518,59,-78,471.png
472,20240820_161820595581,59,-78,472.png
473,20240820_161820629464,59,-78,473.png
474,20240820_161820666365,59,-79,474.png
475,20240820_161820699352,59,-84,475.png
476,20240820_161820732727,59,-85,476.png
477,20240820_161820764764,59,-85,477.png
478,20240820_161820798796,59,-85,478.png
479,20240820_161820832341,59,-85,479.png
480,20240820_161820866032,59,-84,480.png
481,20240820_161820899356,59,-75,481.png
482,20240820_161820934237,59,-60,482.png
483,20240820_161820967917,59,-56,483.png
484,20240820_161821001121,59,-57,484.png
485,20240820_161821035126,59,-57,485.png
486,20240820_161821068370,59,-56,486.png
487,20240820_161821102554,59,-53,487.png
488,20240820_161821135753,59,-53,488.png
489,20240820_161821169313,59,-52,489.png
490,20240820_161821203356,59,-35,490.png
491,20240820_161821236523,59,0,491.png
492,20240820_161821270021,59,0,492.png
493,20240820_161821304056,59,0,493.png
494,20240820_161821337153,59,0,494.png
495,20240820_161821370966,59,0,495.png
496,20240820_161821404986,59,0,496.png
497,20240820_161821438697,59,0,497.png
498,20240820_161821476484,59,0,498.png
499,20240820_161821510130,59,0,499.png
500,20240820_161821544227,59,0,500.png
501,20240820_161821577640,59,0,501.png
502,20240820_161821611368,59,0,502.png
503,20240820_161821645432,59,0,503.png
504,20240820_161821679174,59,0,504.png
505,20240820_161821712705,59,0,505.png
506,20240820_161821746226,59,0,506.png
507,20240820_161821779932,59,0,507.png
508,20240820_161821817179,59,0,508.png
509,20240820_161821850629,59,0,509.png
510,20240820_161821886023,59,0,510.png
511,20240820_161821920144,59,0,511.png
512,20240820_161821953590,59,0,512.png
513,20240820_161821987652,59,0,513.png
514,20240820_161822021037,59,0,514.png
515,20240820_161822054868,59,0,515.png
516,20240820_161822088443,59,0,516.png
517,20240820_161822122068,59,0,517.png
518,20240820_161822155684,59,0,518.png
519,20240820_161822189103,59,0,519.png
520,20240820_161822222714,59,0,520.png
521,20240820_161822256157,59,0,521.png
522,20240820_161822289729,59,0,522.png
523,20240820_161822323257,59,0,523.png
524,20240820_161822357446,59,0,524.png
525,20240820_161822390890,59,0,525.png
526,20240820_161822424339,59,0,526.png
527,20240820_161822458094,59,0,527.png
528,20240820_161822491725,59,0,528.png
529,20240820_161822525643,59,0,529.png
530,20240820_161822606379,59,0,530.png
531,20240820_161822640145,59,0,531.png
532,20240820_161822673707,59,0,532.png
533,20240820_161822707491,59,0,533.png
534,20240820_161822741437,59,6,534.png
535,20240820_161822774756,59,16,535.png
536,20240820_161822808588,59,19,536.png
537,20240820_161822842473,59,22,537.png
538,20240820_161822875971,59,24,538.png
539,20240820_161822911211,59,23,539.png
540,20240820_161822943619,59,23,540.png
541,20240820_161822976898,59,25,541.png
542,20240820_161823010519,59,27,542.png
543,20240820_161823044419,59,31,543.png
544,20240820_161823078113,59,35,544.png
545,20240820_161823112105,59,55,545.png
546,20240820_161823145705,59,70,546.png
547,20240820_161823179183,59,69,547.png
548,20240820_161823212614,59,57,548.png
549,20240820_161823246260,59,57,549.png
550,20240820_161823279904,59,59,550.png
551,20240820_161823313287,59,66,551.png
552,20240820_161823347021,59,68,552.png
553,20240820_161823380547,59,68,553.png
554,20240820_161823414003,59,72,554.png
555,20240820_161823447818,59,85,555.png
556,20240820_161823481236,59,90,556.png
557,20240820_161823514637,59,89,557.png
558,20240820_161823548206,59,89,558.png
559,20240820_161823582260,59,89,559.png
560,20240820_161823616955,59,89,560.png
561,20240820_161823651463,59,85,561.png
562,20240820_161823683746,59,85,562.png
563,20240820_161823737301,59,88,563.png
564,20240820_161823771163,59,88,564.png
565,20240820_161823804983,59,85,565.png
566,20240820_161823838979,59,63,566.png
567,20240820_161823872645,59,33,567.png
568,20240820_161823911062,59,0,568.png
569,20240820_161823944490,59,0,569.png
570,20240820_161823977914,59,0,570.png
571,20240820_161824011473,59,0,571.png
572,20240820_161824045674,59,0,572.png
573,20240820_161824079270,59,0,573.png
574,20240820_161824112875,59,0,574.png
575,20240820_161824147605,59,3,575.png
576,20240820_161824180505,59,22,576.png
577,20240820_161824216478,59,27,577.png
578,20240820_161824250160,59,38,578.png
579,20240820_161824283089,59,55,579.png
580,20240820_161824317145,59,65,580.png
581,20240820_161824351258,59,67,581.png
582,20240820_161824384181,59,66,582.png
583,20240820_161824417480,59,64,583.png
584,20240820_161824451712,59,64,584.png
585,20240820_161824485239,59,64,585.png
586,20240820_161824525269,59,54,586.png
587,20240820_161824558685,59,41,587.png
588,20240820_161824592294,59,41,588.png
589,20240820_161824626108,59,41,589.png
590,20240820_161824659787,59,14,590.png
591,20240820_161824693574,59,0,591.png
592,20240820_161824726958,59,0,592.png
593,20240820_161824760077,59,0,593.png
594,20240820_161824793692,59,0,594.png
595,20240820_161824827965,59,0,595.png
596,20240820_161824860931,59,0,596.png
597,20240820_161824894315,59,0,597.png
598,20240820_161824927783,59,0,598.png
599,20240820_161824961999,59,0,599.png
600,20240820_161824995369,59,0,600.png
601,20240820_161825029020,59,0,601.png
602,20240820_161825062755,59,0,602.png
603,20240820_161825095937,59,0,603.png
604,20240820_161825147290,59,0,604.png
605,20240820_161825180855,59,-28,605.png
606,20240820_161825214379,59,-66,606.png
607,20240820_161825248217,59,-76,607.png
608,20240820_161825281603,59,-76,608.png
609,20240820_161825327060,59,-74,609.png
610,20240820_161825360999,59,-73,610.png
611,20240820_161825394348,59,-72,611.png
612,20240820_161825428372,59,-68,612.png
613,20240820_161825461980,59,-52,613.png
614,20240820_161825495501,59,-22,614.png
615,20240820_161825528597,59,-5,615.png
616,20240820_161825562654,59,-8,616.png
617,20240820_161825596762,59,-9,617.png
618,20240820_161825632198,59,-6,618.png
619,20240820_161825665535,59,-8,619.png
620,20240820_161825699178,59,-16,620.png
621,20240820_161825732446,59,-25,621.png
622,20240820_161825766124,59,-42,622.png
623,20240820_161825799557,59,-60,623.png
624,20240820_161825833562,59,-85,624.png
625,20240820_161825867244,59,-100,625.png
626,20240820_161825900774,59,-100,626.png
627,20240820_161825934753,59,-100,627.png
628,20240820_161825968642,59,-100,628.png
629,20240820_161826001765,59,-100,629.png
630,20240820_161826035318,59,-100,630.png
631,20240820_161826070225,59,-100,631.png
632,20240820_161826103374,59,-100,632.png
633,20240820_161826137453,59,-100,633.png
634,20240820_161826170328,59,-100,634.png
635,20240820_161826203929,59,-100,635.png
636,20240820_161826238115,59,-100,636.png
637,20240820_161826271492,59,-100,637.png
638,20240820_161826305367,59,-100,638.png
639,20240820_161826338967,59,-100,639.png
640,20240820_161826372235,59,-100,640.png
641,20240820_161826405929,59,-100,641.png
642,20240820_161826439557,59,-100,642.png
643,20240820_161826473229,59,-100,643.png
644,20240820_161826506716,59,-100,644.png
645,20240820_161826540543,59,-100,645.png
646,20240820_161826573832,59,-100,646.png
647,20240820_161826607871,59,-100,647.png
648,20240820_161826641336,59,-100,648.png
649,20240820_161826674732,59,-100,649.png
650,20240820_161826709393,59,-100,650.png
651,20240820_161826743135,59,-100,651.png
652,20240820_161826776425,59,-100,652.png
653,20240820_161826810250,59,-100,653.png
654,20240820_161826843854,59,-100,654.png
655,20240820_161826877016,59,-100,655.png
656,20240820_161826910762,59,-100,656.png
657,20240820_161826944093,59,-100,657.png
658,20240820_161826977569,59,-100,658.png
659,20240820_161827010896,59,-100,659.png
660,20240820_161827044909,59,-100,660.png
661,20240820_161827078448,59,-100,661.png
662,20240820_161827111968,59,-100,662.png
663,20240820_161827145600,59,-100,663.png
664,20240820_161827179114,59,-100,664.png
665,20240820_161827213045,59,-100,665.png
666,20240820_161827246361,59,-100,666.png
667,20240820_161827279788,59,-100,667.png
668,20240820_161827318809,59,-100,668.png
669,20240820_161827352387,59,-100,669.png
670,20240820_161827386087,59,-100,670.png
671,20240820_161827419548,59,-100,671.png
672,20240820_161827453279,59,-100,672.png
673,20240820_161827495170,59,-100,673.png
674,20240820_161827528939,59,-100,674.png
675,20240820_161827562483,59,-100,675.png
676,20240820_161827596399,59,-100,676.png
677,20240820_161827630514,59,-100,677.png
678,20240820_161827663826,59,-81,678.png
679,20240820_161827697760,59,-74,679.png
680,20240820_161827731281,59,-63,680.png
681,20240820_161827764698,59,0,681.png
682,20240820_161827798973,59,0,682.png
683,20240820_161827832388,59,0,683.png
684,20240820_161827866065,59,0,684.png
685,20240820_161827899791,59,-20,685.png
686,20240820_161827936777,59,-41,686.png
687,20240820_161827976508,59,-49,687.png
688,20240820_161828009971,59,-50,688.png
689,20240820_161828043984,59,-50,689.png
690,20240820_161828077303,59,-67,690.png
691,20240820_161828110855,59,-84,691.png
692,20240820_161828146092,59,-92,692.png
693,20240820_161828179353,59,-93,693.png
694,20240820_161828213071,59,-92,694.png
695,20240820_161828246599,59,-87,695.png
696,20240820_161828280334,59,-69,696.png
697,20240820_161828316276,59,0,697.png
698,20240820_161828349517,59,0,698.png
699,20240820_161828383089,59,0,699.png
700,20240820_161828416951,59,0,700.png
701,20240820_161828450397,59,0,701.png
702,20240820_161828483286,59,0,702.png
703,20240820_161828516773,59,0,703.png
704,20240820_161828550613,59,0,704.png
705,20240820_161828584057,59,0,705.png
706,20240820_161828618995,59,0,706.png
707,20240820_161828654101,59,0,707.png
708,20240820_161828687860,59,0,708.png
709,20240820_161828721339,59,0,709.png
710,20240820_161828754707,59,0,710.png
711,20240820_161828788719,59,0,711.png
712,20240820_161828822817,59,0,712.png
713,20240820_161828856364,59,0,713.png
714,20240820_161828889921,59,0,714.png
715,20240820_161828924148,59,0,715.png
716,20240820_161828959803,59,0,716.png
717,20240820_161828993454,59,0,717.png
718,20240820_161829027728,59,0,718.png
719,20240820_161829060983,59,0,719.png
720,20240820_161829094644,59,0,720.png
721,20240820_161829128202,59,0,721.png
722,20240820_161829161837,59,0,722.png
723,20240820_161829195388,59,0,723.png
724,20240820_161829229475,59,0,724.png
725,20240820_161829263083,59,0,725.png
726,20240820_161829296488,59,0,726.png
727,20240820_161829330121,59,0,727.png
728,20240820_161829363685,59,0,728.png
729,20240820_161829397237,59,0,729.png
730,20240820_161829430598,59,0,730.png
731,20240820_161829464291,59,0,731.png
732,20240820_161829502187,59,0,732.png
733,20240820_161829535768,59,0,733.png
734,20240820_161829568785,59,0,734.png
735,20240820_161829602226,59,0,735.png
736,20240820_161829635910,59,0,736.png
737,20240820_161829669720,59,0,737.png
738,20240820_161829703506,59,0,738.png
739,20240820_161829737041,59,0,739.png
740,20240820_161829774147,59,3,740.png
741,20240820_161829809410,59,5,741.png
742,20240820_161829842724,59,6,742.png
743,20240820_161829876463,59,9,743.png
744,20240820_161829910081,59,10,744.png
745,20240820_161829946280,59,11,745.png
746,20240820_161829979710,59,11,746.png
747,20240820_161830013141,59,11,747.png
748,20240820_161830046964,59,15,748.png
749,20240820_161830080997,59,21,749.png
750,20240820_161830114757,59,20,750.png
751,20240820_161830148206,59,20,751.png
752,20240820_161830181676,59,20,752.png
753,20240820_161830215848,59,23,753.png
754,20240820_161830249840,59,24,754.png
755,20240820_161830283088,59,23,755.png
756,20240820_161830318169,59,24,756.png
757,20240820_161830351557,59,25,757.png
758,20240820_161830385007,59,26,758.png
759,20240820_161830418573,59,27,759.png
760,20240820_161830452022,59,35,760.png
761,20240820_161830489620,59,39,761.png
762,20240820_161830522722,59,67,762.png
763,20240820_161830558532,59,75,763.png
764,20240820_161830598927,59,77,764.png
765,20240820_161830632550,59,76,765.png
766,20240820_161830666069,59,75,766.png
767,20240820_161830699574,59,74,767.png
768,20240820_161830733109,59,74,768.png
769,20240820_161830766534,59,74,769.png
770,20240820_161830800981,59,75,770.png
771,20240820_161830834599,59,75,771.png
772,20240820_161830867881,59,75,772.png
773,20240820_161830901379,59,74,773.png
774,20240820_161830935241,59,61,774.png
775,20240820_161830968792,59,0,775.png
776,20240820_161831002412,59,0,776.png
777,20240820_161831036591,59,0,777.png
778,20240820_161831073042,59,0,778.png
779,20240820_161831106843,59,0,779.png
780,20240820_161831141071,59,0,780.png
781,20240820_161831174874,59,0,781.png
782,20240820_161831215553,59,0,782.png
783,20240820_161831249186,59,0,783.png
784,20240820_161831282698,59,14,784.png
785,20240820_161831316506,59,26,785.png
786,20240820_161831356627,59,33,786.png
787,20240820_161831390315,59,36,787.png
788,20240820_161831424190,59,36,788.png
789,20240820_161831457299,59,36,789.png
790,20240820_161831490800,59,36,790.png
791,20240820_161831524987,59,35,791.png
792,20240820_161831558202,59,31,792.png
793,20240820_161831592000,59,30,793.png
794,20240820_161831625620,59,28,794.png
795,20240820_161831659647,59,27,795.png
796,20240820_161831693650,59,27,796.png
797,20240820_161831727341,59,27,797.png
798,20240820_161831760848,59,29,798.png
799,20240820_161831793375,59,31,799.png
800,20240820_161831827119,59,32,800.png
801,20240820_161831863932,59,32,801.png
802,20240820_161831897015,59,32,802.png
803,20240820_161831930689,59,33,803.png
804,20240820_161831964533,59,34,804.png
805,20240820_161832005150,59,34,805.png
806,20240820_161832039769,59,34,806.png
807,20240820_161832073025,59,34,807.png
808,20240820_161832106247,59,34,808.png
809,20240820_161832140612,59,34,809.png
810,20240820_161832174091,59,34,810.png
811,20240820_161832207316,59,23,811.png
812,20240820_161832240743,59,0,812.png
813,20240820_161832274827,59,0,813.png
814,20240820_161832308372,59,0,814.png
815,20240820_161832348053,59,0,815.png
816,20240820_161832381361,59,0,816.png
817,20240820_161832414643,59,0,817.png
818,20240820_161832450480,59,0,818.png
819,20240820_161832484025,59,0,819.png
820,20240820_161832516838,59,0,820.png
821,20240820_161832550397,59,0,821.png
822,20240820_161832584251,59,0,822.png
823,20240820_161832617931,59,0,823.png
824,20240820_161832651167,59,0,824.png
825,20240820_161832685300,59,0,825.png
826,20240820_161832718524,59,0,826.png
827,20240820_161832752117,59,0,827.png
828,20240820_161832785614,59,0,828.png
829,20240820_161832819243,59,0,829.png
830,20240820_161832853048,59,0,830.png
831,20240820_161832886710,59,0,831.png
832,20240820_161832920493,59,0,832.png
833,20240820_161832983914,59,0,833.png
834,20240820_161833017284,59,0,834.png
835,20240820_161833051317,59,0,835.png
836,20240820_161833084555,59,0,836.png
837,20240820_161833119670,59,0,837.png
838,20240820_161833153847,59,0,838.png
839,20240820_161833187605,59,0,839.png
840,20240820_161833221248,59,0,840.png
841,20240820_161833254748,59,0,841.png
842,20240820_161833288575,59,0,842.png
843,20240820_161833321830,59,0,843.png
844,20240820_161833355395,59,0,844.png
845,20240820_161833388766,59,-49,845.png
846,20240820_161833425201,59,-52,846.png
847,20240820_161833458706,59,-52,847.png
848,20240820_161833492382,59,-53,848.png
849,20240820_161833526035,59,-52,849.png
850,20240820_161833562441,59,-53,850.png
851,20240820_161833596614,59,-56,851.png
852,20240820_161833630345,59,-72,852.png
853,20240820_161833663565,59,-90,853.png
854,20240820_161833697378,59,-93,854.png
855,20240820_161833730813,59,-92,855.png
856,20240820_161833771725,59,-88,856.png
857,20240820_161833805432,59,-88,857.png
858,20240820_161833839194,59,-86,858.png
859,20240820_161833873194,59,-81,859.png
860,20240820_161833906560,59,-61,860.png
861,20240820_161833940227,59,-59,861.png
862,20240820_161833975203,59,-56,862.png
863,20240820_161834008336,59,-41,863.png
864,20240820_161834043405,59,-30,864.png
865,20240820_161834082248,59,-23,865.png
866,20240820_161834115587,59,-23,866.png
867,20240820_161834149723,59,-20,867.png
868,20240820_161834183130,59,-18,868.png
869,20240820_161834219313,59,-15,869.png
870,20240820_161834252524,59,-12,870.png
871,20240820_161834316338,59,-12,871.png
872,20240820_161834349985,59,-20,872.png
873,20240820_161834383412,59,-27,873.png
874,20240820_161834416995,59,-34,874.png
875,20240820_161834451111,59,-39,875.png
876,20240820_161834484740,59,-46,876.png
877,20240820_161834517712,59,-49,877.png
878,20240820_161834551546,59,-50,878.png
879,20240820_161834584787,59,-52,879.png
880,20240820_161834618358,59,-52,880.png
881,20240820_161834651966,59,-52,881.png
882,20240820_161834686013,59,-54,882.png
883,20240820_161834719633,59,-67,883.png
884,20240820_161834756288,59,-70,884.png
885,20240820_161834789474,59,-70,885.png
886,20240820_161834822466,59,-70,886.png
887,20240820_161834855880,59,-70,887.png
888,20240820_161834889767,59,-69,888.png
889,20240820_161834923622,59,-69,889.png
890,20240820_161834957232,59,-69,890.png
891,20240820_161834990787,59,-69,891.png
892,20240820_161835025438,59,-69,892.png
893,20240820_161835058966,59,-69,893.png
894,20240820_161835091513,59,-69,894.png
895,20240820_161835126393,59,-68,895.png
896,20240820_161835159629,59,-68,896.png
897,20240820_161835193867,59,-67,897.png
898,20240820_161835230240,59,-66,898.png
899,20240820_161835263460,59,-66,899.png
900,20240820_161835297056,59,-66,900.png
901,20240820_161835331487,59,-66,901.png
902,20240820_161835364423,59,-66,902.png
903,20240820_161835397956,59,-67,903.png
904,20240820_161835431980,59,-67,904.png
905,20240820_161835465869,59,-66,905.png
906,20240820_161835499505,59,-66,906.png
907,20240820_161835533034,59,-66,907.png
908,20240820_161835566766,59,-66,908.png
909,20240820_161835605571,59,-66,909.png
910,20240820_161835638923,59,-66,910.png
911,20240820_161835672324,59,-66,911.png
912,20240820_161835706130,59,-66,912.png
913,20240820_161835740155,59,-66,913.png
914,20240820_161835773116,59,-66,914.png
915,20240820_161835807785,59,-66,915.png
916,20240820_161835840602,59,-65,916.png
917,20240820_161835873907,59,-65,917.png
918,20240820_161835908510,59,-66,918.png
919,20240820_161835941342,59,-65,919.png
920,20240820_161835975034,59,-65,920.png
921,20240820_161836009834,59,-65,921.png
922,20240820_161836042728,59,-65,922.png
923,20240820_161836081126,59,-65,923.png
924,20240820_161836117119,59,-65,924.png
925,20240820_161836152357,59,-65,925.png
926,20240820_161836185533,59,-63,926.png
927,20240820_161836215814,59,-60,927.png
928,20240820_161836250100,59,-58,928.png
929,20240820_161836283592,59,-58,929.png
930,20240820_161836317936,59,-56,930.png
931,20240820_161836350239,59,-55,931.png
932,20240820_161836386189,59,-54,932.png
933,20240820_161836419619,59,-52,933.png
934,20240820_161836453273,59,-39,934.png
935,20240820_161836486702,59,-16,935.png
936,20240820_161836520909,59,-16,936.png
937,20240820_161836554651,59,-16,937.png
938,20240820_161836588103,59,-16,938.png
939,20240820_161836624674,59,-16,939.png
940,20240820_161836658638,59,-16,940.png
941,20240820_161836692591,59,-17,941.png
942,20240820_161836725611,59,-19,942.png
943,20240820_161836759447,59,-19,943.png
944,20240820_161836793477,59,-21,944.png
945,20240820_161836826880,59,-30,945.png
946,20240820_161836860944,59,-45,946.png
947,20240820_161836894320,59,-45,947.png
948,20240820_161836928320,59,-45,948.png
949,20240820_161836962003,59,-44,949.png
950,20240820_161836995925,59,-44,950.png
951,20240820_161837029960,59,-44,951.png
952,20240820_161837063577,59,-43,952.png
953,20240820_161837097185,59,-41,953.png
954,20240820_161837131111,59,-41,954.png
955,20240820_161837164569,59,-35,955.png
956,20240820_161837198187,59,-33,956.png
957,20240820_161837240831,59,-30,957.png
958,20240820_161837274817,59,-24,958.png
959,20240820_161837309018,59,-22,959.png
960,20240820_161837342135,59,-22,960.png
961,20240820_161837375354,59,-22,961.png
962,20240820_161837411719,59,-22,962.png
963,20240820_161837445381,59,-23,963.png
964,20240820_161837479001,59,-23,964.png
965,20240820_161837512296,59,-23,965.png
966,20240820_161837545933,59,-27,966.png
967,20240820_161837579350,59,-30,967.png
968,20240820_161837612756,59,-30,968.png
969,20240820_161837646787,59,-30,969.png
970,20240820_161837680038,59,-30,970.png
971,20240820_161837719403,59,-30,971.png
972,20240820_161837753428,59,-30,972.png
973,20240820_161837786797,59,-30,973.png
974,20240820_161837820339,59,-30,974.png
975,20240820_161837854229,59,-30,975.png
976,20240820_161837916124,59,-29,976.png
977,20240820_161837954150,59,-27,977.png
978,20240820_161837984569,59,-24,978.png
979,20240820_161838018106,59,-24,979.png
980,20240820_161838051014,59,-24,980.png
981,20240820_161838084977,59,-24,981.png
982,20240820_161838118966,59,-24,982.png
983,20240820_161838152153,59,-24,983.png
984,20240820_161838185875,59,-24,984.png
985,20240820_161838219297,59,-24,985.png
986,20240820_161838253200,59,-24,986.png
987,20240820_161838286215,59,-23,987.png
988,20240820_161838320224,59,-16,988.png
989,20240820_161838354367,59,-15,989.png
990,20240820_161838388142,59,-15,990.png
991,20240820_161838429397,59,-15,991.png
992,20240820_161838462777,59,-13,992.png
993,20240820_161838496456,59,-7,993.png
994,20240820_161838530409,59,-4,994.png
995,20240820_161838566360,59,-3,995.png
996,20240820_161838599527,59,-1,996.png
997,20240820_161838632966,59,0,997.png
998,20240820_161838666177,59,0,998.png
999,20240820_161838699749,59,0,999.png
1000,20240820_161838733382,59,0,1000.png
1001,20240820_161838767215,59,0,1001.png
1002,20240820_161838800233,59,0,1002.png
1003,20240820_161838834030,59,0,1003.png
1004,20240820_161838867156,59,0,1004.png
1005,20240820_161838902742,59,0,1005.png
1006,20240820_161838936648,59,0,1006.png
1007,20240820_161838969989,59,-9,1007.png
1008,20240820_161839003867,59,-11,1008.png
1009,20240820_161839037432,59,-11,1009.png
1010,20240820_161839070923,59,-15,1010.png
1011,20240820_161839104526,59,-16,1011.png
1012,20240820_161839138292,59,-16,1012.png
1013,20240820_161839171718,59,-16,1013.png
1014,20240820_161839254824,59,-16,1014.png
1015,20240820_161839288222,59,-18,1015.png
1016,20240820_161839321916,59,-18,1016.png
1017,20240820_161839355339,59,-18,1017.png
1018,20240820_161839388775,59,-17,1018.png
1019,20240820_161839429505,59,-17,1019.png
1020,20240820_161839463367,59,-16,1020.png
1021,20240820_161839497255,59,-16,1021.png
1022,20240820_161839530754,59,-16,1022.png
1023,20240820_161839564131,59,-16,1023.png
1024,20240820_161839597855,59,-16,1024.png
1025,20240820_161839631307,59,-16,1025.png
1026,20240820_161839664906,59,-16,1026.png
1027,20240820_161839698667,59,-16,1027.png
1028,20240820_161839732415,59,-16,1028.png
1029,20240820_161839765976,59,-16,1029.png
1030,20240820_161839798999,59,-16,1030.png
1031,20240820_161839838199,59,-12,1031.png
1032,20240820_161839871993,59,-8,1032.png
1033,20240820_161839905394,59,-7,1033.png
1034,20240820_161839939185,59,-7,1034.png
1035,20240820_161839972723,59,-7,1035.png
1036,20240820_161840006376,59,-8,1036.png
1037,20240820_161840039889,59,-8,1037.png
1038,20240820_161840073737,59,-6,1038.png
1039,20240820_161840107487,59,-3,1039.png
1040,20240820_161840141276,59,-1,1040.png
1041,20240820_161840174458,59,0,1041.png
1042,20240820_161840208062,59,0,1042.png
1043,20240820_161840241450,59,0,1043.png
1044,20240820_161840275568,59,0,1044.png
1045,20240820_161840309370,59,0,1045.png
1046,20240820_161840342524,59,0,1046.png
1047,20240820_161840375969,59,0,1047.png
1048,20240820_161840409634,59,0,1048.png
1049,20240820_161840443606,59,0,1049.png
1050,20240820_161840477818,59,0,1050.png
1051,20240820_161840514060,59,0,1051.png
1052,20240820_161840547446,59,0,1052.png
1053,20240820_161840581062,59,0,1053.png
1054,20240820_161840615005,59,-2,1054.png
1055,20240820_161840648565,59,-5,1055.png
1056,20240820_161840682122,59,-6,1056.png
1057,20240820_161840715699,59,-5,1057.png
1058,20240820_161840749065,59,-6,1058.png
1059,20240820_161840783847,59,-6,1059.png
1060,20240820_161840817567,59,-6,1060.png
1061,20240820_161840851015,59,-6,1061.png
1062,20240820_161840884700,59,-6,1062.png
1063,20240820_161840918127,59,-7,1063.png
1064,20240820_161840951573,59,-7,1064.png
1065,20240820_161840985038,59,-7,1065.png
1066,20240820_161841018615,59,-7,1066.png
1067,20240820_161841052124,59,-7,1067.png
1068,20240820_161841085910,59,-6,1068.png
1069,20240820_161841119178,59,-6,1069.png
1070,20240820_161841153613,59,-5,1070.png
1071,20240820_161841187149,59,-5,1071.png
1072,20240820_161841221058,59,-5,1072.png
1073,20240820_161841254527,59,-5,1073.png
1074,20240820_161841288757,59,-5,1074.png
1075,20240820_161841322182,59,-5,1075.png
1076,20240820_161841360711,59,-5,1076.png
1077,20240820_161841394372,59,-5,1077.png
1078,20240820_161841427833,59,-5,1078.png
1079,20240820_161841461660,59,-5,1079.png
1080,20240820_161841495329,59,-6,1080.png
1081,20240820_161841528950,59,-7,1081.png
1082,20240820_161841562579,59,-7,1082.png
1083,20240820_161841596248,59,-7,1083.png
1084,20240820_161841629720,59,-7,1084.png
1085,20240820_161841663341,59,-7,1085.png
1086,20240820_161841697344,59,-7,1086.png
1087,20240820_161841730825,59,-7,1087.png
1088,20240820_161841764583,59,-7,1088.png
1089,20240820_161841798159,59,-7,1089.png
1090,20240820_161841831887,59,-7,1090.png
1091,20240820_161841865666,59,-7,1091.png
1092,20240820_161841899133,59,-7,1092.png
1093,20240820_161841932783,59,-7,1093.png
1094,20240820_161841966263,59,-7,1094.png
1095,20240820_161841999793,59,-7,1095.png
1096,20240820_161842033520,59,-7,1096.png
1097,20240820_161842066854,59,-7,1097.png
1098,20240820_161842100813,59,-7,1098.png
1099,20240820_161842134338,59,-7,1099.png
1100,20240820_161842168348,59,-7,1100.png
1101,20240820_161842201643,59,-7,1101.png
1102,20240820_161842236769,59,-7,1102.png
1103,20240820_161842270142,59,-7,1103.png
1104,20240820_161842303736,59,-7,1104.png
1105,20240820_161842337484,59,-8,1105.png
1106,20240820_161842370726,59,-8,1106.png
1107,20240820_161842405053,59,-8,1107.png
1108,20240820_161842438645,59,-9,1108.png
1109,20240820_161842471969,59,-15,1109.png
1110,20240820_161842506001,59,-17,1110.png
1111,20240820_161842539872,59,-17,1111.png
1112,20240820_161842573179,59,-17,1112.png
1113,20240820_161842619549,59,-17,1113.png
1114,20240820_161842652917,59,-17,1114.png
1115,20240820_161842686593,59,-17,1115.png
1116,20240820_161842722401,59,-17,1116.png
1117,20240820_161842755892,59,-17,1117.png
1118,20240820_161842789333,59,-17,1118.png
1119,20240820_161842822778,59,-16,1119.png
1120,20240820_161842856484,59,-17,1120.png
1121,20240820_161842892927,59,-17,1121.png
1122,20240820_161842926758,59,-17,1122.png
1123,20240820_161842959833,59,-17,1123.png
1124,20240820_161842994222,59,-17,1124.png
1125,20240820_161843029550,59,-17,1125.png
1126,20240820_161843062651,59,-17,1126.png
1127,20240820_161843096405,59,-17,1127.png
1128,20240820_161843130749,59,-17,1128.png
1129,20240820_161843164176,59,-17,1129.png
1130,20240820_161843197519,59,-17,1130.png
1131,20240820_161843230939,59,-17,1131.png
1132,20240820_161843264534,59,-17,1132.png
1133,20240820_161843298035,59,-17,1133.png
1134,20240820_161843331627,59,-17,1134.png
1135,20240820_161843365144,59,-17,1135.png
1136,20240820_161843398750,59,-17,1136.png
1137,20240820_161843432317,59,-17,1137.png
1138,20240820_161843466679,59,-16,1138.png
1139,20240820_161843499749,59,-16,1139.png
1140,20240820_161843533679,59,-16,1140.png
1141,20240820_161843567089,59,-16,1141.png
1142,20240820_161843600414,59,-12,1142.png
1143,20240820_161843634240,59,-12,1143.png
1144,20240820_161843667852,59,-12,1144.png
1145,20240820_161843701647,59,-12,1145.png
1146,20240820_161843734919,59,-12,1146.png
1147,20240820_161843768577,59,-12,1147.png
1148,20240820_161843802133,59,-12,1148.png
1149,20240820_161843836010,59,-12,1149.png
1150,20240820_161843869639,59,-12,1150.png
1151,20240820_161843903395,59,-12,1151.png
1152,20240820_161843936906,59,-12,1152.png
1153,20240820_161843970675,59,-14,1153.png
1154,20240820_161844004124,59,-16,1154.png
1155,20240820_161844037645,59,-16,1155.png
1156,20240820_161844070989,59,-16,1156.png
1157,20240820_161844104623,59,-16,1157.png
1158,20240820_161844139073,59,-16,1158.png
1159,20240820_161844173333,59,-16,1159.png
1160,20240820_161844206730,59,-16,1160.png
1161,20240820_161844240138,59,-17,1161.png
1162,20240820_161844273797,59,-18,1162.png
1163,20240820_161844307303,59,-18,1163.png
1164,20240820_161844341260,59,-18,1164.png
1165,20240820_161844375420,59,-19,1165.png
1166,20240820_161844408839,59,-20,1166.png
1167,20240820_161844443511,59,-20,1167.png
1168,20240820_161844477302,59,-21,1168.png
1169,20240820_161844510787,59,-21,1169.png
1170,20240820_161844543892,59,-21,1170.png
1171,20240820_161844578493,59,-22,1171.png
1172,20240820_161844618429,59,-22,1172.png
1173,20240820_161844652332,59,-24,1173.png
1174,20240820_161844685460,59,-24,1174.png
1175,20240820_161844719048,59,-27,1175.png
1176,20240820_161844752477,59,-27,1176.png
1177,20240820_161844786449,59,-27,1177.png
1178,20240820_161844823882,59,-29,1178.png
1179,20240820_161844856510,59,-37,1179.png
1180,20240820_161844890342,59,-40,1180.png
1181,20240820_161844924375,59,-41,1181.png
1182,20240820_161844957537,59,-42,1182.png
1183,20240820_161844993692,59,-42,1183.png
1184,20240820_161845028195,59,-43,1184.png
1185,20240820_161845061224,59,-43,1185.png
1186,20240820_161845095734,59,-43,1186.png
1187,20240820_161845131008,59,-43,1187.png
1188,20240820_161845164681,59,-43,1188.png
1189,20240820_161845199915,59,-41,1189.png
1190,20240820_161845234742,59,-41,1190.png
1191,20240820_161845267802,59,-41,1191.png
1192,20240820_161845301779,59,-41,1192.png
1193,20240820_161845348082,59,-41,1193.png
1194,20240820_161845381546,59,-41,1194.png
1195,20240820_161845415018,59,-42,1195.png
1196,20240820_161845454660,59,-43,1196.png
1197,20240820_161845488468,59,-44,1197.png
1198,20240820_161845521610,59,-44,1198.png
1199,20240820_161845555446,59,-44,1199.png
1200,20240820_161845588706,59,-44,1200.png
1201,20240820_161845622138,59,-44,1201.png
1202,20240820_161845656632,59,-44,1202.png
1203,20240820_161845689573,59,-45,1203.png
1204,20240820_161845726047,59,-45,1204.png
1205,20240820_161845759172,59,-45,1205.png
1206,20240820_161845792939,59,-45,1206.png
1207,20240820_161845826664,59,-45,1207.png
1208,20240820_161845860405,59,-45,1208.png
1209,20240820_161845893969,59,-45,1209.png
1210,20240820_161845927100,59,-45,1210.png
1211,20240820_161845960598,59,-45,1211.png
1212,20240820_161845994101,59,-44,1212.png
1213,20240820_161846028550,59,-44,1213.png
1214,20240820_161846061815,59,-44,1214.png
1215,20240820_161846096252,59,-44,1215.png
1216,20240820_161846132126,59,-44,1216.png
1217,20240820_161846163730,59,-44,1217.png
1218,20240820_161846201980,59,-44,1218.png
1219,20240820_161846235444,59,-44,1219.png
1220,20240820_161846270970,59,-44,1220.png
1221,20240820_161846304742,59,-44,1221.png
1222,20240820_161846338391,59,-44,1222.png
1223,20240820_161846372010,59,-44,1223.png
1224,20240820_161846405193,59,-44,1224.png
1225,20240820_161846439065,59,-45,1225.png
1226,20240820_161846472331,59,-44,1226.png
1227,20240820_161846506038,59,-44,1227.png
1228,20240820_161846539552,59,-44,1228.png
1229,20240820_161846573367,59,-44,1229.png
1230,20240820_161846606708,59,-43,1230.png
1231,20240820_161846640660,59,-43,1231.png
1232,20240820_161846673703,59,-43,1232.png
1233,20240820_161846715193,59,-43,1233.png
1234,20240820_161846748569,59,-44,1234.png
1235,20240820_161846782816,59,-44,1235.png
1236,20240820_161846815959,59,-44,1236.png
1237,20240820_161846849470,59,-44,1237.png
1238,20240820_161846883079,59,-44,1238.png
1239,20240820_161846916606,59,-44,1239.png
1240,20240820_161846950581,59,-44,1240.png
1241,20240820_161846983998,59,-44,1241.png
1242,20240820_161847017977,59,-44,1242.png
1243,20240820_161847051213,59,-44,1243.png
1244,20240820_161847085003,59,-44,1244.png
1245,20240820_161847118687,59,-44,1245.png
1246,20240820_161847152540,59,-44,1246.png
1247,20240820_161847193542,59,-44,1247.png
1248,20240820_161847226299,59,-45,1248.png
1249,20240820_161847259817,59,-49,1249.png
1250,20240820_161847293608,59,-52,1250.png
1251,20240820_161847327278,59,-52,1251.png
1252,20240820_161847364806,59,-52,1252.png
1253,20240820_161847404754,59,-53,1253.png
1254,20240820_161847438468,59,-53,1254.png
1255,20240820_161847472165,59,-54,1255.png
1256,20240820_161847505274,59,-54,1256.png
1257,20240820_161847538746,59,-55,1257.png
1258,20240820_161847575798,59,-57,1258.png
1259,20240820_161847609119,59,-67,1259.png
1260,20240820_161847642782,59,-70,1260.png
1261,20240820_161847676343,59,-70,1261.png
1262,20240820_161847709847,59,-72,1262.png
1263,20240820_161847743508,59,-74,1263.png
1264,20240820_161847777527,59,-75,1264.png
1265,20240820_161847811843,59,-75,1265.png
1266,20240820_161847845189,59,-75,1266.png
1267,20240820_161847879211,59,-76,1267.png
1268,20240820_161847912303,59,-77,1268.png
1269,20240820_161847945740,59,-77,1269.png
1270,20240820_161847979928,59,-77,1270.png
1271,20240820_161848013042,59,-77,1271.png
1272,20240820_161848047069,59,-78,1272.png
1273,20240820_161848080659,59,-78,1273.png
1274,20240820_161848113702,59,-78,1274.png
1275,20240820_161848148196,59,-78,1275.png
1276,20240820_161848181341,59,-78,1276.png
1277,20240820_161848214905,59,-78,1277.png
1278,20240820_161848248708,59,-78,1278.png
1279,20240820_161848282219,59,-78,1279.png
1280,20240820_161848315970,59,-78,1280.png
1281,20240820_161848349695,59,-77,1281.png
1282,20240820_161848383463,59,-77,1282.png
1283,20240820_161848417474,59,-74,1283.png
1284,20240820_161848450670,59,-59,1284.png
1285,20240820_161848484315,59,-10,1285.png
1286,20240820_161848517569,59,0,1286.png
1287,20240820_161848554066,59,0,1287.png
1288,20240820_161848588031,59,0,1288.png
1289,20240820_161848621149,59,0,1289.png
1290,20240820_161848654774,59,0,1290.png
1291,20240820_161848688348,59,0,1291.png
1292,20240820_161848722224,59,0,1292.png
1293,20240820_161848755772,59,0,1293.png
1294,20240820_161848789163,59,0,1294.png
1295,20240820_161848822778,59,0,1295.png
1296,20240820_161848856282,59,0,1296.png
1297,20240820_161848890394,59,0,1297.png
1298,20240820_161848924259,59,0,1298.png
1299,20240820_161848957097,59,0,1299.png
1300,20240820_161849001319,59,0,1300.png
1301,20240820_161849036633,59,0,1301.png
1302,20240820_161849069120,59,0,1302.png
1303,20240820_161849103424,59,0,1303.png
1304,20240820_161849136875,59,0,1304.png
1305,20240820_161849170247,59,9,1305.png
1306,20240820_161849203685,59,9,1306.png
1307,20240820_161849237737,59,10,1307.png
1308,20240820_161849270746,59,14,1308.png
1309,20240820_161849304125,59,20,1309.png
1310,20240820_161849339240,59,25,1310.png
1311,20240820_161849372880,59,38,1311.png
1312,20240820_161849406598,59,55,1312.png
1313,20240820_161849440415,59,65,1313.png
1314,20240820_161849474756,59,69,1314.png
1315,20240820_161849508111,59,89,1315.png
1316,20240820_161849542174,59,92,1316.png
1317,20240820_161849575365,59,90,1317.png
1318,20240820_161849610606,59,90,1318.png
1319,20240820_161849644188,59,90,1319.png
1320,20240820_161849677376,59,80,1320.png
1321,20240820_161849711207,59,65,1321.png
1322,20240820_161849745010,59,35,1322.png
1323,20240820_161849779022,59,0,1323.png
1324,20240820_161849812517,59,0,1324.png
1325,20240820_161849880316,59,0,1325.png
1326,20240820_161849914161,59,0,1326.png
1327,20240820_161849947851,59,0,1327.png
1328,20240820_161849981809,59,0,1328.png
1329,20240820_161850018045,59,0,1329.png
1330,20240820_161850053709,59,0,1330.png
1331,20240820_161850086443,59,0,1331.png
1332,20240820_161850120221,59,0,1332.png
1333,20240820_161850153941,59,0,1333.png
1334,20240820_161850187957,59,0,1334.png
1335,20240820_161850221404,59,0,1335.png
1336,20240820_161850254738,59,1,1336.png
1337,20240820_161850288134,59,1,1337.png
1338,20240820_161850321787,59,3,1338.png
1339,20240820_161850355347,59,5,1339.png
1340,20240820_161850388820,59,6,1340.png
1341,20240820_161850422704,59,6,1341.png
1342,20240820_161850455929,59,6,1342.png
1343,20240820_161850489900,59,7,1343.png
1344,20240820_161850524087,59,29,1344.png
1345,20240820_161850559762,59,52,1345.png
1346,20240820_161850593202,59,56,1346.png
1347,20240820_161850626830,59,59,1347.png
1348,20240820_161850659881,59,72,1348.png
1349,20240820_161850693743,59,84,1349.png
1350,20240820_161850727254,59,89,1350.png
1351,20240820_161850760926,59,89,1351.png
1352,20240820_161850795337,59,89,1352.png
1353,20240820_161850828955,59,89,1353.png
1354,20240820_161850862631,59,88,1354.png
1355,20240820_161850898964,59,83,1355.png
1356,20240820_161850933155,59,82,1356.png
1357,20240820_161850966513,59,74,1357.png
1358,20240820_161850999866,59,38,1358.png
1359,20240820_161851040520,59,36,1359.png
1360,20240820_161851073986,59,38,1360.png
1361,20240820_161851128603,59,38,1361.png
1362,20240820_161851162485,59,41,1362.png
1363,20240820_161851196015,59,43,1363.png
1364,20240820_161851230261,59,48,1364.png
1365,20240820_161851264050,59,63,1365.png
1366,20240820_161851297784,59,80,1366.png
1367,20240820_161851331335,59,87,1367.png
1368,20240820_161851364714,59,89,1368.png
1369,20240820_161851398959,59,90,1369.png
1370,20240820_161851432721,59,95,1370.png
1371,20240820_161851466196,59,93,1371.png
1372,20240820_161851502876,59,89,1372.png
1373,20240820_161851536539,59,81,1373.png
1374,20240820_161851570151,59,67,1374.png
1375,20240820_161851603275,59,24,1375.png
1376,20240820_161851636921,59,23,1376.png
1377,20240820_161851670472,59,22,1377.png
1378,20240820_161851703852,59,0,1378.png
1379,20240820_161851737674,59,0,1379.png
1380,20240820_161851771160,59,0,1380.png
1381,20240820_161851806573,59,0,1381.png
1382,20240820_161851840276,59,0,1382.png
1383,20240820_161851873508,59,0,1383.png
1384,20240820_161851907028,59,0,1384.png
1385,20240820_161851948668,59,0,1385.png
1386,20240820_161851981988,59,0,1386.png
1387,20240820_161852015719,59,0,1387.png
1388,20240820_161852049679,59,0,1388.png
1389,20240820_161852083951,59,0,1389.png
1390,20240820_161852117959,59,0,1390.png
1391,20240820_161852151235,59,-7,1391.png
1392,20240820_161852184577,59,-6,1392.png
1393,20240820_161852218023,59,-5,1393.png
1394,20240820_161852251423,59,-5,1394.png
1395,20240820_161852285030,59,-14,1395.png
1396,20240820_161852318834,59,-46,1396.png
1397,20240820_161852352574,59,-77,1397.png
1398,20240820_161852386501,59,-89,1398.png
1399,20240820_161852420227,59,-93,1399.png
1400,20240820_161852454307,59,-100,1400.png
1401,20240820_161852487442,59,-100,1401.png
1402,20240820_161852521257,59,-100,1402.png
1403,20240820_161852554758,59,-100,1403.png
1404,20240820_161852589058,59,-100,1404.png
1405,20240820_161852625600,59,-100,1405.png
1406,20240820_161852659525,59,-100,1406.png
1407,20240820_161852692925,59,-100,1407.png
1408,20240820_161852726476,59,-100,1408.png
1409,20240820_161852759959,59,-100,1409.png
1410,20240820_161852793925,59,-100,1410.png
1411,20240820_161852827652,59,-98,1411.png
1412,20240820_161852861252,59,-93,1412.png
1413,20240820_161852895065,59,-93,1413.png
1414,20240820_161852936718,59,-93,1414.png
1415,20240820_161852970111,59,-92,1415.png
1416,20240820_161853003741,59,-92,1416.png
1417,20240820_161853038881,59,-79,1417.png
1418,20240820_161853071017,59,-67,1418.png
1419,20240820_161853104538,59,-22,1419.png
1420,20240820_161853138520,59,0,1420.png
1421,20240820_161853172479,59,0,1421.png
1422,20240820_161853205834,59,-1,1422.png
1423,20240820_161853239479,59,-6,1423.png
1424,20240820_161853273441,59,-22,1424.png
1425,20240820_161853306426,59,-43,1425.png
1426,20240820_161853339888,59,-71,1426.png
1427,20240820_161853373821,59,-74,1427.png
1428,20240820_161853409506,59,-74,1428.png
1429,20240820_161853442751,59,-78,1429.png
1430,20240820_161853476896,59,-90,1430.png
1431,20240820_161853510317,59,-100,1431.png
1432,20240820_161853543783,59,-100,1432.png
1433,20240820_161853578058,59,-100,1433.png
1434,20240820_161853651059,59,-100,1434.png
1435,20240820_161853684890,59,-100,1435.png
1436,20240820_161853718482,59,-100,1436.png
1437,20240820_161853751884,59,-100,1437.png
1438,20240820_161853784829,59,-100,1438.png
1439,20240820_161853818442,59,-100,1439.png
1440,20240820_161853852074,59,-100,1440.png
1441,20240820_161853885873,59,-100,1441.png
1442,20240820_161853920206,59,-100,1442.png
1443,20240820_161853953223,59,-100,1443.png
1444,20240820_161853987331,59,-100,1444.png
1445,20240820_161854020639,59,-100,1445.png
1446,20240820_161854054439,59,-100,1446.png
1447,20240820_161854088649,59,-100,1447.png
1448,20240820_161854122364,59,-100,1448.png
1449,20240820_161854155973,59,-100,1449.png
1450,20240820_161854189516,59,-100,1450.png
1451,20240820_161854222992,59,-100,1451.png
1452,20240820_161854256307,59,-100,1452.png
1453,20240820_161854289694,59,-100,1453.png
1454,20240820_161854323171,59,-100,1454.png
1455,20240820_161854356937,59,-100,1455.png
1456,20240820_161854390737,59,-100,1456.png
1457,20240820_161854424346,59,-100,1457.png
1458,20240820_161854457957,59,-100,1458.png
1459,20240820_161854491490,59,-100,1459.png
1460,20240820_161854525224,59,-100,1460.png
1461,20240820_161854558678,59,-100,1461.png
1462,20240820_161854592232,59,-100,1462.png
1463,20240820_161854626647,59,-100,1463.png
1464,20240820_161854659725,59,-100,1464.png
1465,20240820_161854693194,59,-100,1465.png
1466,20240820_161854732908,59,-100,1466.png
1467,20240820_161854766548,59,-100,1467.png
1468,20240820_161854800502,59,-100,1468.png
1469,20240820_161854833990,59,-100,1469.png
1470,20240820_161854870876,59,-100,1470.png
1471,20240820_161854904541,59,-100,1471.png
1472,20240820_161854937853,59,0,1472.png
1473,20240820_161854972107,59,0,1473.png
1474,20240820_161855005101,59,0,1474.png
1475,20240820_161855050018,59,0,1475.png
1476,20240820_161855084828,59,0,1476.png
1477,20240820_161855117133,59,0,1477.png
1478,20240820_161855150665,59,0,1478.png
1479,20240820_161855184062,59,-24,1479.png
1480,20240820_161855218001,59,-39,1480.png
1481,20240820_161855254368,59,-39,1481.png
1482,20240820_161855287900,59,-38,1482.png
1483,20240820_161855321520,59,-38,1483.png
1484,20240820_161855355123,59,-38,1484.png
1485,20240820_161855388483,59,-38,1485.png
1486,20240820_161855422087,59,-38,1486.png
1487,20240820_161855455852,59,-39,1487.png
1488,20240820_161855489850,59,-39,1488.png
1489,20240820_161855523184,59,-34,1489.png
1490,20240820_161855556832,59,-4,1490.png
1491,20240820_161855590373,59,0,1491.png
1492,20240820_161855623732,59,0,1492.png
1493,20240820_161855657723,59,0,1493.png
1494,20240820_161855691511,59,0,1494.png
1495,20240820_161855726002,59,0,1495.png
1496,20240820_161855760412,59,0,1496.png
1497,20240820_161855793771,59,0,1497.png
1498,20240820_161855827660,59,0,1498.png
1499,20240820_161855862413,59,0,1499.png
1500,20240820_161855894305,59,0,1500.png
1501,20240820_161855928069,59,0,1501.png
1502,20240820_161855961678,59,0,1502.png
1503,20240820_161855995278,59,0,1503.png
1504,20240820_161856036656,59,0,1504.png
1505,20240820_161856069571,59,0,1505.png
1506,20240820_161856103520,59,0,1506.png
1507,20240820_161856137130,59,0,1507.png
1508,20240820_161856171211,59,0,1508.png
1509,20240820_161856204326,59,0,1509.png
1510,20240820_161856238126,59,0,1510.png
1511,20240820_161856271571,59,0,1511.png
1512,20240820_161856305239,59,0,1512.png
1513,20240820_161856338767,59,0,1513.png
1514,20240820_161856372108,59,0,1514.png
1515,20240820_161856405815,59,0,1515.png
1516,20240820_161856439368,59,0,1516.png
1517,20240820_161856473137,59,0,1517.png
1518,20240820_161856506480,59,0,1518.png
1519,20240820_161856539841,59,0,1519.png
1520,20240820_161856573294,59,0,1520.png
1521,20240820_161856606867,59,0,1521.png
1522,20240820_161856642189,59,0,1522.png
1523,20240820_161856676162,59,0,1523.png
1524,20240820_161856710041,59,0,1524.png
1525,20240820_161856742650,59,1,1525.png
1526,20240820_161856776280,59,6,1526.png
1527,20240820_161856847388,59,12,1527.png
1528,20240820_161856880729,59,55,1528.png
1529,20240820_161856914478,59,56,1529.png
1530,20240820_161856948553,59,56,1530.png
1531,20240820_161856982312,59,56,1531.png
1532,20240820_161857023347,59,56,1532.png
1533,20240820_161857056398,59,56,1533.png
1534,20240820_161857089957,59,56,1534.png
1535,20240820_161857123964,59,57,1535.png
1536,20240820_161857157550,59,57,1536.png
1537,20240820_161857191609,59,56,1537.png
1538,20240820_161857225274,59,49,1538.png
1539,20240820_161857259323,59,44,1539.png
1540,20240820_161857291958,59,25,1540.png
1541,20240820_161857325482,59,0,1541.png
1542,20240820_161857359219,59,0,1542.png
1543,20240820_161857392566,59,0,1543.png
1544,20240820_161857426233,59,0,1544.png
1545,20240820_161857460168,59,0,1545.png
1546,20240820_161857493613,59,0,1546.png
1547,20240820_161857527995,59,0,1547.png
1548,20240820_161857561718,59,0,1548.png
1549,20240820_161857595557,59,3,1549.png
1550,20240820_161857629407,59,14,1550.png
1551,20240820_161857663152,59,26,1551.png
1552,20240820_161857696955,59,32,1552.png
1553,20240820_161857730414,59,37,1553.png
1554,20240820_161857764005,59,38,1554.png
1555,20240820_161857797017,59,38,1555.png
1556,20240820_161857830633,59,38,1556.png
1557,20240820_161857864779,59,38,1557.png
1558,20240820_161857898490,59,38,1558.png
1559,20240820_161857932148,59,38,1559.png
1560,20240820_161857965734,59,38,1560.png
1561,20240820_161857999186,59,38,1561.png
1562,20240820_161858032959,59,38,1562.png
1563,20240820_161858066109,59,38,1563.png
1564,20240820_161858100258,59,40,1564.png
1565,20240820_161858133698,59,42,1565.png
1566,20240820_161858167415,59,52,1566.png
1567,20240820_161858200397,59,67,1567.png
1568,20240820_161858234346,59,74,1568.png
1569,20240820_161858267776,59,73,1569.png
1570,20240820_161858301418,59,73,1570.png
1571,20240820_161858335451,59,72,1571.png
1572,20240820_161858368625,59,72,1572.png
1573,20240820_161858402276,59,70,1573.png
1574,20240820_161858436156,59,70,1574.png
1575,20240820_161858469479,59,70,1575.png
1576,20240820_161858503433,59,70,1576.png
1577,20240820_161858537091,59,68,1577.png
1578,20240820_161858571115,59,53,1578.png
1579,20240820_161858604008,59,51,1579.png
1580,20240820_161858637401,59,43,1580.png
1581,20240820_161858671446,59,42,1581.png
1582,20240820_161858704817,59,41,1582.png
1583,20240820_161858738545,59,19,1583.png
1584,20240820_161858772343,59,1,1584.png
1585,20240820_161858805401,59,0,1585.png
1586,20240820_161858838784,59,0,1586.png
1587,20240820_161858872330,59,0,1587.png
1588,20240820_161858906035,59,0,1588.png
1589,20240820_161858939771,59,0,1589.png
1590,20240820_161858973232,59,0,1590.png
1591,20240820_161859012980,59,0,1591.png
1592,20240820_161859046110,59,0,1592.png
1593,20240820_161859079544,59,0,1593.png
1594,20240820_161859113643,59,0,1594.png
1595,20240820_161859147828,59,0,1595.png
1596,20240820_161859182370,59,0,1596.png
1597,20240820_161859215135,59,0,1597.png
1598,20240820_161859249061,59,0,1598.png
1599,20240820_161859282453,59,0,1599.png
1600,20240820_161859316781,59,0,1600.png
1601,20240820_161859350256,59,0,1601.png
1602,20240820_161859388015,59,0,1602.png
1603,20240820_161859421965,59,0,1603.png
1604,20240820_161859455536,59,0,1604.png
1605,20240820_161859489820,59,0,1605.png
1606,20240820_161859523173,59,0,1606.png
1607,20240820_161859556409,59,0,1607.png
1608,20240820_161859589931,59,0,1608.png
1609,20240820_161859623738,59,0,1609.png
1610,20240820_161859656852,59,0,1610.png
1611,20240820_161859691174,59,0,1611.png
1612,20240820_161859724907,59,0,1612.png
1613,20240820_161859757923,59,0,1613.png
1614,20240820_161859790996,59,0,1614.png
1615,20240820_161859824832,59,0,1615.png
1616,20240820_161859860160,59,0,1616.png
1617,20240820_161859893466,59,0,1617.png
1618,20240820_161859926600,59,0,1618.png
1619,20240820_161859959912,59,0,1619.png
1620,20240820_161859998685,59,0,1620.png
1621,20240820_161900032772,59,0,1621.png
1622,20240820_161900067457,59,0,1622.png
1623,20240820_161900101418,59,0,1623.png
1624,20240820_161900135749,59,0,1624.png
1625,20240820_161900168880,59,-7,1625.png
1626,20240820_161900202759,59,-42,1626.png
1627,20240820_161900236179,59,-52,1627.png
1628,20240820_161900269602,59,-52,1628.png
1629,20240820_161900303388,59,-51,1629.png
1630,20240820_161900338848,59,-51,1630.png
1631,20240820_161900372560,59,-51,1631.png
1632,20240820_161900405465,59,-51,1632.png
1633,20240820_161900439155,59,-52,1633.png
1634,20240820_161900472542,59,-52,1634.png
1635,20240820_161900505760,59,-52,1635.png
1636,20240820_161900539580,59,-52,1636.png
1637,20240820_161900573327,59,-60,1637.png
1638,20240820_161900607137,59,-60,1638.png
1639,20240820_161900641025,59,-67,1639.png
1640,20240820_161900677799,59,-78,1640.png
1641,20240820_161900719026,59,-85,1641.png
1642,20240820_161900753036,59,-84,1642.png
1643,20240820_161900786541,59,-84,1643.png
1644,20240820_161900819967,59,-84,1644.png
1645,20240820_161900858533,59,-84,1645.png
1646,20240820_161900892252,59,-78,1646.png
1647,20240820_161900925525,59,-78,1647.png
1648,20240820_161900959453,59,-71,1648.png
1649,20240820_161900993141,59,-40,1649.png
1650,20240820_161901026493,59,-6,1650.png
1651,20240820_161901076065,59,0,1651.png
1652,20240820_161901094153,59,0,1652.png
1653,20240820_161901128089,59,0,1653.png
1654,20240820_161901162957,59,0,1654.png
1655,20240820_161901196557,59,0,1655.png
1656,20240820_161901230567,59,0,1656.png
1657,20240820_161901263728,59,0,1657.png
1658,20240820_161901297676,59,0,1658.png
1659,20240820_161901331552,59,0,1659.png
1660,20240820_161901364632,59,0,1660.png
1661,20240820_161901398226,59,-11,1661.png
1662,20240820_161901432164,59,-22,1662.png
1663,20240820_161901465488,59,-23,1663.png
1664,20240820_161901499005,59,-26,1664.png
1665,20240820_161901533233,59,-34,1665.png
1666,20240820_161901566137,59,-39,1666.png
1667,20240820_161901602970,59,-41,1667.png
1668,20240820_161901637100,59,-49,1668.png
1669,20240820_161901670698,59,-67,1669.png
1670,20240820_161901703745,59,-74,1670.png
1671,20240820_161901737537,59,-74,1671.png
1672,20240820_161901771597,59,-74,1672.png
1673,20240820_161901805365,59,-74,1673.png
1674,20240820_161901869617,59,-74,1674.png
1675,20240820_161901903123,59,-73,1675.png
1676,20240820_161901936612,59,-73,1676.png
1677,20240820_161901970263,59,-67,1677.png
1678,20240820_161902006188,59,-61,1678.png
1679,20240820_161902039919,59,-52,1679.png
1680,20240820_161902073870,59,-47,1680.png
1681,20240820_161902107051,59,-44,1681.png
1682,20240820_161902141097,59,-44,1682.png
1683,20240820_161902174545,59,-45,1683.png
1684,20240820_161902208002,59,-45,1684.png
1685,20240820_161902241941,59,-45,1685.png
1686,20240820_161902275357,59,-45,1686.png
1687,20240820_161902309029,59,-46,1687.png
1688,20240820_161902347047,59,-49,1688.png
1689,20240820_161902380310,59,-55,1689.png
1690,20240820_161902413972,59,-62,1690.png
1691,20240820_161902447476,59,-64,1691.png
1692,20240820_161902480649,59,-64,1692.png
1693,20240820_161902514587,59,-65,1693.png
1694,20240820_161902547847,59,-66,1694.png
1695,20240820_161902581461,59,-67,1695.png
1696,20240820_161902615120,59,-67,1696.png
1697,20240820_161902648921,59,-69,1697.png
1698,20240820_161902682800,59,-70,1698.png
1699,20240820_161902716619,59,-74,1699.png
1700,20240820_161902749704,59,-75,1700.png
1701,20240820_161902783712,59,-75,1701.png
1702,20240820_161902825413,59,-76,1702.png
1703,20240820_161902858667,59,-76,1703.png
1704,20240820_161902892168,59,-81,1704.png
1705,20240820_161902925800,59,-82,1705.png
1706,20240820_161902959843,59,-82,1706.png
1707,20240820_161902993934,59,-83,1707.png
1708,20240820_161903028024,59,-84,1708.png
1709,20240820_161903062396,59,-84,1709.png
1710,20240820_161903095424,59,-84,1710.png
1711,20240820_161903128481,59,-84,1711.png
1712,20240820_161903162519,59,-84,1712.png
1713,20240820_161903195801,59,-81,1713.png
1714,20240820_161903229600,59,-79,1714.png
1715,20240820_161903262749,59,-78,1715.png
1716,20240820_161903298611,59,-76,1716.png
1717,20240820_161903332356,59,-69,1717.png
1718,20240820_161903367606,59,-51,1718.png
1719,20240820_161903401830,59,-50,1719.png
1720,20240820_161903435609,59,-50,1720.png
1721,20240820_161903470191,59,-49,1721.png
1722,20240820_161903503487,59,-36,1722.png
1723,20240820_161903538603,59,-37,1723.png
1724,20240820_161903571107,59,-38,1724.png
1725,20240820_161903605324,59,-38,1725.png
1726,20240820_161903638541,59,-36,1726.png
1727,20240820_161903672063,59,-37,1727.png
1728,20240820_161903706073,59,-38,1728.png
1729,20240820_161903739752,59,-37,1729.png
1730,20240820_161903772891,59,-15,1730.png
1731,20240820_161903806554,59,0,1731.png
1732,20240820_161903840482,59,0,1732.png
1733,20240820_161903875612,59,0,1733.png
1734,20240820_161903909227,59,0,1734.png
1735,20240820_161903942683,59,0,1735.png
1736,20240820_161903976190,59,0,1736.png
1737,20240820_161904012988,59,0,1737.png
1738,20240820_161904047483,59,-5,1738.png
1739,20240820_161904080208,59,-13,1739.png
1740,20240820_161904113619,59,-30,1740.png
1741,20240820_161904149391,59,-53,1741.png
1742,20240820_161904183296,59,-66,1742.png
1743,20240820_161904217058,59,-66,1743.png
1744,20240820_161904250731,59,-67,1744.png
1745,20240820_161904284462,59,-67,1745.png
1746,20240820_161904318549,59,-66,1746.png
1747,20240820_161904352065,59,-60,1747.png
1748,20240820_161904385298,59,-53,1748.png
1749,20240820_161904419064,59,-46,1749.png
1750,20240820_161904453259,59,-37,1750.png
1751,20240820_161904489863,59,-33,1751.png
1752,20240820_161904523425,59,-33,1752.png
1753,20240820_161904557222,59,-21,1753.png
1754,20240820_161904590483,59,-5,1754.png
1755,20240820_161904624095,59,-5,1755.png
1756,20240820_161904657625,59,-12,1756.png
1757,20240820_161904691664,59,-16,1757.png
1758,20240820_161904725306,59,-16,1758.png
1759,20240820_161904759196,59,-30,1759.png
1760,20240820_161904794750,59,-47,1760.png
1761,20240820_161904828002,59,-49,1761.png
1762,20240820_161904861360,59,-47,1762.png
1763,20240820_161904894823,59,-46,1763.png
1764,20240820_161904928466,59,-46,1764.png
1765,20240820_161904961731,59,-46,1765.png
1766,20240820_161904994897,59,-46,1766.png
1767,20240820_161905028438,59,-47,1767.png
1768,20240820_161905062400,59,-45,1768.png
1769,20240820_161905101047,59,-38,1769.png
1770,20240820_161905135180,59,0,1770.png
1771,20240820_161905168403,59,0,1771.png
1772,20240820_161905202365,59,0,1772.png
1773,20240820_161905235806,59,0,1773.png
1774,20240820_161905268970,59,0,1774.png
1775,20240820_161905303025,59,0,1775.png
1776,20240820_161905336528,59,0,1776.png
1777,20240820_161905369765,59,0,1777.png
1778,20240820_161905405474,59,0,1778.png
1779,20240820_161905437446,59,0,1779.png
1780,20240820_161905471078,59,0,1780.png
1781,20240820_161905504800,59,0,1781.png
1782,20240820_161905538651,59,0,1782.png
1783,20240820_161905571972,59,0,1783.png
1784,20240820_161905605398,59,0,1784.png
1785,20240820_161905639156,59,0,1785.png
1786,20240820_161905672533,59,0,1786.png
1787,20240820_161905706117,59,0,1787.png
1788,20240820_161905740162,59,0,1788.png
1789,20240820_161905774674,59,0,1789.png
1790,20240820_161905810039,59,0,1790.png
1791,20240820_161905843811,59,0,1791.png
1792,20240820_161905877232,59,0,1792.png
1793,20240820_161905913039,59,0,1793.png
1794,20240820_161905946412,59,0,1794.png
1795,20240820_161905980265,59,0,1795.png
1796,20240820_161906013471,59,0,1796.png
1797,20240820_161906047259,59,0,1797.png
1798,20240820_161906083589,59,0,1798.png
1799,20240820_161906116517,59,0,1799.png
1800,20240820_161906149819,59,0,1800.png
1801,20240820_161906183454,59,0,1801.png
1802,20240820_161906217119,59,0,1802.png
1803,20240820_161906253091,59,0,1803.png
1804,20240820_161906286241,59,0,1804.png
1805,20240820_161906320325,59,0,1805.png
1806,20240820_161906353547,59,0,1806.png
1807,20240820_161906387496,59,0,1807.png
1808,20240820_161906421673,59,0,1808.png
1809,20240820_161906454558,59,0,1809.png
1810,20240820_161906488510,59,0,1810.png
1811,20240820_161906522405,59,0,1811.png
1812,20240820_161906555396,59,0,1812.png
1813,20240820_161906589280,59,0,1813.png
1814,20240820_161906622783,59,0,1814.png
1815,20240820_161906656405,59,0,1815.png
1816,20240820_161906689968,59,0,1816.png
1817,20240820_161906724448,59,0,1817.png
1818,20240820_161906757682,59,0,1818.png
1819,20240820_161906791098,59,0,1819.png
1820,20240820_161906824828,59,0,1820.png
1821,20240820_161906858499,59,0,1821.png
1822,20240820_161906892011,59,0,1822.png
1823,20240820_161906929673,59,0,1823.png
1824,20240820_161906962987,59,0,1824.png
1825,20240820_161906997970,59,0,1825.png
1826,20240820_161907031242,59,0,1826.png
1827,20240820_161907065665,59,0,1827.png
1828,20240820_161907099785,59,0,1828.png
1829,20240820_161907133293,59,0,1829.png
